{"cameraMode":{"drawMode":0,"name":"Shaded","section":"Shading Mode"},"sceneLighting":false,"audioPlay":false,"sceneViewState":{"m_AlwaysRefresh":false,"showFog":true,"showSkybox":false,"showFlares":true,"showImageEffects":true,"showParticleSystems":true,"showVisualEffectGraphs":true,"m_FxEnabled":true},"in2DMode":false,"pivot":{"x":-0.33476054668426516,"y":0.016809582710266115,"z":0.5604507923126221},"rotation":{"x":-0.1589551568031311,"y":0.7991786599159241,"z":-0.2409324198961258,"w":-0.5272583961486816},"size":0.7242640852928162,"orthographic":false}